,name,Gender,Eye color,Race,Hair color,Height,Publisher,Skin color,Alignment,Weight
0,A-Bomb,Male,Yellow,Human,No Hair,6'8 // 203 cm,Marvel Comics,,good,980 lb // 441 kg
1,Abe Sapien,Male,Blue,Icthyo Sapien,No Hair,6'3 // 191 cm,Dark Horse Comics,Blue,good,145 lb // 65 kg
2,Abin Sur,Male,Blue,Ungaran,No Hair,6'1 // 185 cm,DC Comics,Red,good,200 lb // 90 kg
3,Abomination,Male,Green,Human / Radiation,No Hair,6'8 // 203 cm,Marvel Comics,,bad,980 lb // 441 kg
4,Abraxas,Male,Blue,Cosmic Entity,Black,- // 0 cm,Marvel Comics,,bad,- lb // 0 kg
5,Absorbing Man,Male,Blue,Human,No Hair,6'4 // 193 cm,Marvel Comics,,bad,270 lb // 122 kg
6,Adam Monroe,Male,Blue,-,Blond,- // 0 cm,NBC - Heroes,,good,- lb // 0 kg
7,Adam Strange,Male,Blue,Human,Blond,6'1 // 185 cm,DC Comics,,good,195 lb // 88 kg
8,Agent 13,Female,Blue,-,Blond,5'8 // 173 cm,Marvel Comics,,good,135 lb // 61 kg
9,Agent Bob,Male,Brown,Human,Brown,5'10 // 178 cm,Marvel Comics,,good,181 lb // 81 kg
10,Agent Zero,Male,-,-,-,6'3 // 191 cm,Marvel Comics,,good,230 lb // 104 kg
11,Air-Walker,Male,Blue,-,White,6'2 // 188 cm,Marvel Comics,,bad,240 lb // 108 kg
12,Ajax,Male,Brown,Cyborg,Black,6'4 // 193 cm,Marvel Comics,,bad,200 lb // 90 kg
13,Alan Scott,Male,Blue,-,Blond,5'11 // 180 cm,DC Comics,,good,201 lb // 90 kg
14,Alex Mercer,Male,-,Human,-,- // 0 cm,Wildstorm,,bad,- lb // 0 kg
15,Alex Woolsly,Male,-,-,-,- // 0 cm,NBC - Heroes,,good,- lb // 0 kg
16,Alfred Pennyworth,Male,Blue,Human,Black,5'10 // 178 cm,DC Comics,,good,160 lb // 72 kg
17,Alien,Male,-,Xenomorph XX121,No Hair,8'0 // 244 cm,Dark Horse Comics,Black,bad,375 lb // 169 kg
18,Allan Quatermain,Male,-,-,-,- // 0 cm,Wildstorm,,good,- lb // 0 kg
19,Amazo,Male,Red,Android,-,8'5 // 257 cm,DC Comics,,bad,385 lb // 173 kg
20,Ammo,Male,Brown,Human,Black,6'2 // 188 cm,Marvel Comics,,bad,225 lb // 101 kg
21,Ando Masahashi,Male,-,-,-,- // 0 cm,NBC - Heroes,,good,- lb // 0 kg
22,Angel,Male,Blue,-,Blond,6'0 // 183 cm,Marvel Comics,,good,150 lb // 68 kg
23,Angel,Male,-,Vampire,-,- // 0 cm,Dark Horse Comics,,good,- lb // 0 kg
24,Angel Dust,Female,Yellow,Mutant,Black,5'5 // 165 cm,Marvel Comics,,good,126 lb // 57 kg
25,Angel Salvadore,Female,Brown,-,Black,5'4 // 163 cm,Marvel Comics,,good,121 lb // 54 kg
26,Angela,Female,-,-,-,- // 0 cm,Image Comics,,bad,- lb // 0 kg
27,Animal Man,Male,Blue,Human,Blond,6'0 // 183 cm,DC Comics,,good,185 lb // 83 kg
28,Annihilus,Male,Green,-,No Hair,5'11 // 180 cm,Marvel Comics,,bad,200 lb // 90 kg
29,Ant-Man,Male,Blue,Human,Blond,6'11 // 211 cm,Marvel Comics,,good,270 lb // 122 kg
30,Ant-Man II,Male,Blue,Human,Blond,6'0 // 183 cm,Marvel Comics,,good,190 lb // 86 kg
31,Anti-Monitor,Male,Yellow,God / Eternal,No Hair,200 // 61.0 meters,DC Comics,,bad,- lb // 0 kg
32,Anti-Spawn,Male,-,-,-,- // 0 cm,Image Comics,,bad,- lb // 0 kg
33,Anti-Venom,Male,Blue,Symbiote,Blond,7'6 // 229 cm,Marvel Comics,,-,795 lb // 358 kg
34,Apocalypse,Male,Red,Mutant,Black,7'0 // 213 cm,Marvel Comics,Grey,bad,300 lb // 135 kg
35,Aquababy,Male,Blue,-,Blond,- // 0 cm,DC Comics,,good,- lb // 0 kg
36,Aqualad,Male,Blue,Atlantean,Black,5'10 // 178 cm,DC Comics,,good,235 lb // 106 kg
37,Aquaman,Male,Blue,Atlantean,Blond,6'1 // 185 cm,DC Comics,,good,325 lb // 146 kg
38,Arachne,Female,Blue,Human,Blond,5'9 // 175 cm,Marvel Comics,,good,140 lb // 63 kg
39,Archangel,Male,Blue,Mutant,Blond,6'0 // 183 cm,Marvel Comics,Blue,good,150 lb // 68 kg
40,Arclight,Female,Violet,-,Purple,5'8 // 173 cm,Marvel Comics,,bad,126 lb // 57 kg
41,Ardina,Female,White,Alien,Orange,6'4 // 193 cm,Marvel Comics,Gold,good,218 lb // 98 kg
42,Ares,Male,Brown,-,Brown,6'1 // 185 cm,Marvel Comics,,good,600 lb // 270 kg
43,Ariel,Female,Purple,-,Pink,5'5 // 165 cm,Marvel Comics,,good,130 lb // 59 kg
44,Armor,Female,Black,-,Black,5'4 // 163 cm,Marvel Comics,,good,112 lb // 50 kg
45,Arsenal,Male,-,Human,-,- // 0 cm,DC Comics,,good,- lb // 0 kg
46,Astro Boy,Male,Brown,-,Black,- // 0 cm,,,good,- lb // 0 kg
47,Atlas,Male,Brown,Mutant,Red,6'0 // 183 cm,Marvel Comics,,good,225 lb // 101 kg
48,Atlas,Male,Blue,God / Eternal,Brown,6'6 // 198 cm,DC Comics,,bad,280 lb // 126 kg
49,Atom,Male,Blue,-,Red,5'10 // 178 cm,DC Comics,,good,150 lb // 68 kg
50,Atom,Male,-,-,-,- // 0 cm,DC Comics,,good,- lb // 0 kg
51,Atom Girl,Female,Black,-,Black,5'6 // 168 cm,DC Comics,,good,120 lb // 54 kg
52,Atom II,Male,Brown,Human,Auburn,6'0 // 183 cm,DC Comics,,good,180 lb // 81 kg
53,Atom III,Male,-,-,Red,- // 0 cm,DC Comics,,good,- lb // 0 kg
54,Atom IV,Male,Brown,-,Black,- // 0 cm,DC Comics,,good,160 lb // 72 kg
55,Aurora,Female,Blue,Mutant,Black,5'11 // 180 cm,Marvel Comics,,good,140 lb // 63 kg
56,Azazel,Male,Yellow,Neyaphem,Black,6'0 // 183 cm,Marvel Comics,Red,bad,149 lb // 67 kg
57,Azrael,Male,Brown,Human,Black,- // 0 cm,DC Comics,,good,- lb // 0 kg
58,Aztar,Male,-,-,-,- // 0 cm,DC Comics,,good,- lb // 0 kg
59,Bane,Male,-,Human,-,6'8 // 203 cm,DC Comics,,bad,400 lb // 180 kg
60,Banshee,Male,Green,Human,Strawberry Blond,6'0 // 183 cm,Marvel Comics,,good,170 lb // 77 kg
61,Bantam,Male,Brown,-,Black,5'5 // 165 cm,Marvel Comics,,good,119 lb // 54 kg
62,Batgirl,Female,-,-,-,- // 0 cm,DC Comics,,good,- lb // 0 kg
63,Batgirl,Female,Green,Human,Red,5'7 // 170 cm,DC Comics,,good,126 lb // 57 kg
64,Batgirl III,Female,-,-,-,- // 0 cm,DC Comics,,good,- lb // 0 kg
65,Batgirl IV,Female,Green,Human,Black,5'5 // 165 cm,DC Comics,,good,115 lb // 52 kg
66,Batgirl V,Female,-,-,-,- // 0 cm,DC Comics,,good,- lb // 0 kg
67,Batgirl VI,Female,Blue,-,Blond,5'6 // 168 cm,DC Comics,,good,135 lb // 61 kg
68,Batman,Male,blue,Human,black,6'2 // 188 cm,DC Comics,,good,210 lb // 95 kg
69,Batman,Male,Blue,Human,Black,5'10 // 178 cm,DC Comics,,good,170 lb // 77 kg
70,Batman II,Male,Blue,Human,Black,5'10 // 178 cm,DC Comics,,good,175 lb // 79 kg
71,Battlestar,Male,Brown,-,Black,6'6 // 198 cm,Marvel Comics,,good,295 lb // 133 kg
72,Batwoman V,Female,Green,Human,Red,5'10 // 178 cm,DC Comics,,good,- lb // 0 kg
73,Beak,Male,Black,-,White,5'9 // 175 cm,Marvel Comics,,good,140 lb // 63 kg
74,Beast,Male,Blue,Mutant,Blue,5'11 // 180 cm,Marvel Comics,Blue,good,402 lb // 181 kg
75,Beast Boy,Male,Green,Human,Green,5'8 // 173 cm,DC Comics,Green,good,150 lb // 68 kg
76,Beetle,Male,-,-,-,- // 0 cm,Marvel Comics,,bad,- lb // 0 kg
77,Ben 10,Male,-,-,-,- // 0 cm,DC Comics,,good,- lb // 0 kg
78,Beta Ray Bill,Male,-,-,No Hair,6'7 // 201 cm,Marvel Comics,,good,480 lb // 216 kg
79,Beyonder,Male,-,God / Eternal,-,- // 0 cm,Marvel Comics,,good,- lb // 0 kg
80,Big Barda,Female,Blue,New God,Black,6'2 // 188 cm,DC Comics,,bad,300 lb // 135 kg
81,Big Daddy,Male,-,-,-,- // 0 cm,Icon Comics,,good,- lb // 0 kg
82,Big Man,Male,Blue,-,Brown,5'5 // 165 cm,Marvel Comics,,bad,157 lb // 71 kg
83,Bill Harken,Male,-,Alpha,-,- // 0 cm,SyFy,,good,- lb // 0 kg
84,Billy Kincaid,Male,-,-,-,- // 0 cm,Image Comics,,bad,- lb // 0 kg
85,Binary,Female,Blue,-,Blond,5'11 // 180 cm,Marvel Comics,,good,120 lb // 54 kg
86,Bionic Woman,Female,Blue,Cyborg,Black,- // 0 cm,,,good,- lb // 0 kg
87,Bird-Brain,-,-,-,-,- // 0 cm,Marvel Comics,,good,- lb // 0 kg
88,Bird-Man,Male,-,Human,-,- // 0 cm,Marvel Comics,,bad,- lb // 0 kg
89,Bird-Man II,Male,-,Human,-,- // 0 cm,Marvel Comics,,bad,- lb // 0 kg
90,Birdman,Male,-,God / Eternal,-,- // 0 cm,Hanna-Barbera,,good,- lb // 0 kg
91,Bishop,Male,Brown,Mutant,No Hair,6'6 // 198 cm,Marvel Comics,,good,275 lb // 124 kg
92,Bizarro,Male,Black,Bizarro,Black,6'3 // 191 cm,DC Comics,White,neutral,345 lb // 155 kg
93,Black Abbott,Male,Red,-,Black,- // 0 cm,Marvel Comics,,bad,- lb // 0 kg
94,Black Adam,Male,Brown,-,Black,6'3 // 191 cm,DC Comics,,bad,250 lb // 113 kg
95,Black Bolt,Male,Blue,Inhuman,Black,6'2 // 188 cm,Marvel Comics,,good,210 lb // 95 kg
96,Black Canary,Female,Blue,Human,Blond,5'5 // 165 cm,DC Comics,,good,128 lb // 58 kg
97,Black Canary,Female,Blue,Metahuman,Blond,5'7 // 170 cm,DC Comics,,good,130 lb // 59 kg
98,Black Cat,Female,Green,Human,Blond,5'10 // 178 cm,Marvel Comics,,good,120 lb // 54 kg
99,Black Flash,Male,-,God / Eternal,-,- // 0 cm,DC Comics,,neutral,- lb // 0 kg
100,Black Goliath,Male,-,-,-,- // 0 cm,Marvel Comics,,good,- lb // 0 kg
101,Black Knight III,Male,Brown,Human,Brown,6'0 // 183 cm,Marvel Comics,,good,190 lb // 86 kg
102,Black Lightning,Male,Brown,-,No Hair,6'1 // 185 cm,DC Comics,,good,200 lb // 90 kg
103,Black Mamba,Female,Green,-,Black,5'7 // 170 cm,Marvel Comics,,bad,115 lb // 52 kg
104,Black Manta,Male,Black,Human,No Hair,6'2 // 188 cm,DC Comics,,bad,205 lb // 92 kg
105,Black Panther,Male,Brown,Human,Black,6'0 // 183 cm,Marvel Comics,,good,200 lb // 90 kg
106,Black Widow,Female,Green,Human,Auburn,5'7 // 170 cm,Marvel Comics,,good,131 lb // 59 kg
107,Black Widow II,Female,Blue,-,Blond,5'7' // 170 cm,Marvel Comics,,good,135 lb // 61 kg
108,Blackout,Male,Red,Demon,White,6'3 // 191 cm,Marvel Comics,White,bad,230 lb // 104 kg
109,Blackwing,Male,Blue,-,Black,6'1 // 185 cm,Marvel Comics,,bad,190 lb // 86 kg
110,Blackwulf,Male,Red,Alien,White,6'2 // 188 cm,Marvel Comics,,-,195 lb // 88 kg
111,Blade,Male,Brown,Vampire,Black,6'2 // 188 cm,Marvel Comics,,good,215 lb // 97 kg
112,Blaquesmith,-,Black,-,No Hair,- // 0 cm,Marvel Comics,,good,- lb // 0 kg
113,Bling!,Female,-,-,-,5'6 // 168 cm,Marvel Comics,,good,152 lb // 68 kg
114,Blink,Female,Green,Mutant,Magenta,5'5 // 165 cm,Marvel Comics,Pink,good,125 lb // 56 kg
115,Blizzard,Male,-,-,-,- // 0 cm,Marvel Comics,,bad,- lb // 0 kg
116,Blizzard,Male,-,-,Brown,- // 0 cm,Marvel Comics,,bad,- lb // 0 kg
117,Blizzard II,Male,Brown,-,Brown,5'9 // 175 cm,Marvel Comics,,bad,170 lb // 77 kg
118,Blob,Male,Brown,-,Brown,5'10 // 178 cm,Marvel Comics,,bad,510 lb // 230 kg
119,Bloodaxe,Female,Blue,Human,Brown,7'2 // 218 cm,Marvel Comics,,bad,1100 lb // 495 kg
120,Bloodhawk,Male,Black,Mutant,No Hair,- // 0 cm,Marvel Comics,,good,- lb // 0 kg
121,Bloodwraith,Male,White,-,No Hair,100'0 // 30.5 meters,Marvel Comics,,bad,- lb // 0 kg
122,Blue Beetle,Male,Blue,-,Brown,- // 0 cm,DC Comics,,good,- lb // 0 kg
123,Blue Beetle,Male,-,-,-,- // 0 cm,DC Comics,,good,- lb // 0 kg
124,Blue Beetle II,Male,Blue,-,Brown,6'0 // 183 cm,DC Comics,,good,190 lb // 86 kg
125,Blue Beetle III,Male,Brown,Human,Black,- // 0 cm,DC Comics,,good,- lb // 0 kg
126,Boba Fett,Male,Brown,Human / Clone,Black,6'0 // 183 cm,George Lucas,,bad,- lb // 0 kg
127,Bolt,Male,-,-,-,- // 0 cm,Marvel Comics,,good,- lb // 0 kg
128,Bomb Queen,Female,-,-,-,- // 0 cm,Image Comics,,bad,- lb // 0 kg
129,Boom-Boom,Female,Blue,Mutant,Blond,5'5 // 165 cm,Marvel Comics,,good,122 lb // 55 kg
130,Boomer,Female,-,-,-,- // 0 cm,Marvel Comics,,good,- lb // 0 kg
131,Booster Gold,Male,Blue,Human,Blond,6'5 // 196 cm,DC Comics,,good,215 lb // 97 kg
132,Box,Male,-,-,-,- // 0 cm,Marvel Comics,,good,- lb // 0 kg
133,Box III,-,Blue,-,Blond,6'4 // 193 cm,Marvel Comics,,good,245 lb // 110 kg
134,Box IV,-,Brown,-,Brown / Black,- // 0 cm,Marvel Comics,,good,- lb // 0 kg
135,Brainiac,Male,Green,Android,No Hair,6'6 // 198 cm,DC Comics,Green,bad,300 lb // 135 kg
136,Brainiac 5,Male,Green,-,Blond,5'7 // 170 cm,DC Comics,,good,135 lb // 61 kg
137,Brother Voodoo,Male,Brown,Human,Brown / White,6'0 // 183 cm,Marvel Comics,,good,220 lb // 99 kg
138,Brundlefly,Male,-,Mutant,-,6'4 // 193 cm,,,-,- lb // 0 kg
139,Buffy,Female,Green,Human,Blond,5'2 // 157 cm,Dark Horse Comics,,good,115 lb // 52 kg
140,Bullseye,Male,blue,Human,blond,6'0 // 183 cm,Marvel Comics,,bad,200 lb // 90 kg
141,Bumblebee,Female,Brown,Human,Black,5'7 // 170 cm,DC Comics,,good,130 lb // 59 kg
142,Bumbleboy,Male,-,-,-,- // 0 cm,Marvel Comics,,good,- lb // 0 kg
143,Bushido,Male,-,Human,-,- // 0 cm,DC Comics,,good,- lb // 0 kg
144,Cable,Male,Blue,Mutant,White,6'8 // 203 cm,Marvel Comics,,good,350 lb // 158 kg
145,Callisto,Female,Blue,-,Black,5'9 // 175 cm,Marvel Comics,,bad,165 lb // 74 kg
146,Cameron Hicks,Male,-,Alpha,-,- // 0 cm,SyFy,,good,- lb // 0 kg
147,Cannonball,Male,Blue,-,Blond,6'0 // 183 cm,Marvel Comics,,good,181 lb // 81 kg
148,Captain America,Male,blue,Human,blond,6'2 // 188 cm,Marvel Comics,,good,240 lb // 108 kg
149,Captain Atom,Male,Blue,Human / Radiation,Silver,6'4 // 193 cm,DC Comics,Silver,good,200 lb // 90 kg
150,Captain Britain,Male,Blue,Human,Blond,6'6 // 198 cm,Marvel Comics,,good,257 lb // 116 kg
151,Captain Cold,Male,Brown,Human,Brown,- // 0 cm,DC Comics,,neutral,- lb // 0 kg
152,Captain Epic,Male,Blue,-,Brown,6'2 // 188 cm,Team Epic TV,,good,- lb // 0 kg
153,Captain Hindsight,Male,-,Human,Black,- // 0 cm,South Park,,good,- lb // 0 kg
154,Captain Mar-vell,Male,Blue,-,Blond,6'2' // 188 cm,Marvel Comics,,good,240 lb // 108 kg
155,Captain Marvel,Female,Blue,Human-Kree,Blond,5'11 // 180 cm,Marvel Comics,,good,165 lb // 74 kg
156,Captain Marvel,Male,Blue,Human,Black,6'4 // 193 cm,DC Comics,,good,225 lb // 101 kg
157,Captain Marvel II,Male,Blue,Human,Black,5'9 // 175 cm,DC Comics,,good,165 lb // 74 kg
158,Captain Midnight,Male,-,Human,-,- // 0 cm,Dark Horse Comics,,good,- lb // 0 kg
159,Captain Planet,Male,Red,God / Eternal,Green,- // 0 cm,Marvel Comics,,good,- lb // 0 kg
160,Captain Universe,-,-,God / Eternal,-,- // 0 cm,Marvel Comics,,good,- lb // 0 kg
161,Carnage,Male,Green,Symbiote,Red,6'1 // 185 cm,Marvel Comics,,bad,190 lb // 86 kg
162,Cat,Female,Blue,-,Blond,5'8 // 173 cm,Marvel Comics,,good,135 lb // 61 kg
163,Cat II,Female,-,-,-,- // 0 cm,Marvel Comics,,good,- lb // 0 kg
164,Catwoman,Female,Green,Human,Black,5'9 // 175 cm,DC Comics,,good,135 lb // 61 kg
165,Cecilia Reyes,-,Brown,-,Brown,5'7 // 170 cm,Marvel Comics,,good,138 lb // 62 kg
166,Century,Male,White,Alien,White,6'7 // 201 cm,Marvel Comics,Grey,good,215 lb // 97 kg
167,Cerebra,Female,-,Mutant,-,- // 0 cm,Marvel Comics,,good,- lb // 0 kg
168,Chamber,Male,Brown,Mutant,Brown,5'9 // 175 cm,Marvel Comics,,good,140 lb // 63 kg
169,Chameleon,Male,-,-,-,- // 0 cm,DC Comics,,bad,- lb // 0 kg
170,Changeling,Male,Brown,-,Black,5'11 // 180 cm,Marvel Comics,,bad,180 lb // 81 kg
171,Cheetah,Female,Green,Human,Blond,5'4 // 163 cm,DC Comics,,bad,110 lb // 50 kg
172,Cheetah II,Female,Green,Human,Brown,5'7 // 170 cm,DC Comics,,bad,122 lb // 55 kg
173,Cheetah III,Female,Brown,Human,Brown,5'9 // 175 cm,DC Comics,,bad,120 lb // 54 kg
174,Chromos,Male,Brown,-,Red / Grey,6'1 // 185 cm,Team Epic TV,,bad,190 lb // 86 kg
175,Chuck Norris,Male,-,-,-,5'10 // 178 cm,,,good,- lb // 0 kg
176,Citizen Steel,Male,Green,Human,Red,6'0 // 183 cm,DC Comics,,good,378 lb // 170 kg
177,Claire Bennet,Female,Blue,-,Blond,- // 0 cm,NBC - Heroes,,good,- lb // 0 kg
178,Clea,-,-,-,White,- // 0 cm,Marvel Comics,,good,- lb // 0 kg
179,Cloak,Male,brown,-,black,7'5 // 226 cm,Marvel Comics,,good,155 lb // 70 kg
180,Clock King,Male,Blue,Human,Black,5'10 // 178 cm,DC Comics,,bad,173 lb // 78 kg
181,Cogliostro,Male,-,-,-,- // 0 cm,Image Comics,,bad,- lb // 0 kg
182,Colin Wagner,Male,Grey,-,Brown,- // 0 cm,HarperCollins,,good,- lb // 0 kg
183,Colossal Boy,Male,-,-,-,- // 0 cm,DC Comics,,good,- lb // 0 kg
184,Colossus,Male,Silver,Mutant,Black,7'5 // 226 cm,Marvel Comics,,good,500 lb // 225 kg
185,Copycat,Female,Red,Mutant,White,6'0 // 183 cm,Marvel Comics,Blue,neutral,148 lb // 67 kg
186,Corsair,Male,Brown,-,Brown,6'3 // 191 cm,Marvel Comics,,good,175 lb // 79 kg
187,Cottonmouth,Male,Brown,Human,Black,6'0 // 183 cm,Marvel Comics,,bad,220 lb // 99 kg
188,Crimson Crusader,Male,Blue,-,Strawberry Blond,- // 0 cm,Marvel Comics,,good,- lb // 0 kg
189,Crimson Dynamo,Male,Brown,-,No Hair,5'11 // 180 cm,Marvel Comics,,good,230 lb // 104 kg
190,Crystal,Female,Green,Inhuman,Red,5'6 // 168 cm,Marvel Comics,,good,110 lb // 50 kg
191,Curse,Male,-,-,-,- // 0 cm,Image Comics,,bad,- lb // 0 kg
192,Cy-Gor,Male,-,-,-,- // 0 cm,Image Comics,,bad,- lb // 0 kg
193,Cyborg,Male,Brown,Cyborg,Black,6'6 // 198 cm,DC Comics,,good,385 lb // 173 kg
194,Cyborg Superman,Male,Blue,Cyborg,Black,- // 0 cm,DC Comics,,bad,- lb // 0 kg
195,Cyclops,Male,Brown,Mutant,Brown,6'3 // 191 cm,Marvel Comics,,good,195 lb // 88 kg
196,Cypher,-,Blue,-,Blond,5'9' // 175 cm,Marvel Comics,,good,150 lb // 68 kg
197,Dagger,Female,Blue,-,Blond,5'5 // 165 cm,Marvel Comics,,good,116 lb // 52 kg
198,Danny Cooper,Male,Brown,-,Blond,- // 0 cm,HarperCollins,,good,- lb // 0 kg
199,Daphne Powell,Female,-,-,-,- // 0 cm,ABC Studios,,good,- lb // 0 kg
200,Daredevil,Male,Blue,Human,Red,6'0 // 183 cm,Marvel Comics,,good,200 lb // 90 kg
201,Darkhawk,Male,Brown,Human,Brown,6'1 // 185 cm,Marvel Comics,,good,180 lb // 81 kg
202,Darkman,Male,-,-,-,- // 0 cm,Universal Studios,,good,- lb // 0 kg
203,Darkseid,Male,Red,New God,No Hair,8'9 // 267 cm,DC Comics,Grey,bad,1815 lb // 817 kg
204,Darkside,-,-,-,-,- // 0 cm,,,bad,- lb // 0 kg
205,Darkstar,Female,Brown,Mutant,Blond,5'6 // 168 cm,Marvel Comics,,good,125 lb // 56 kg
206,Darth Maul,Male,Yellow / Red,Dathomirian Zabrak,-,5'7 // 170 cm,George Lucas,Red / Black,bad,- lb // 0 kg
207,Darth Vader,Male,Yellow,Cyborg,No Hair,6'6 // 198 cm,George Lucas,,bad,300 lb // 135 kg
208,Dash,Male,Blue,Human,Blond,4'0 // 122 cm,Dark Horse Comics,,good,60 lb // 27 kg
209,Data,Male,Yellow,Android,Brown,- // 0 cm,Star Trek,,good,- lb // 0 kg
210,Dazzler,Female,Blue,Mutant,Blond,5'8 // 173 cm,Marvel Comics,,good,115 lb // 52 kg
211,Deadman,Male,Blue,Human,Black,6'0 // 183 cm,DC Comics,,good,201 lb // 90 kg
212,Deadpool,Male,Brown,Mutant,No Hair,6'2 // 188 cm,Marvel Comics,,neutral,210 lb // 95 kg
213,Deadshot,Male,Brown,Human,Brown,6'1 // 185 cm,DC Comics,,bad,202 lb // 91 kg
214,Deathlok,Male,Brown,Cyborg,Grey,6'4 // 193 cm,Marvel Comics,,good,395 lb // 178 kg
215,Deathstroke,Male,Blue,Human,White,6'4 // 193 cm,DC Comics,,neutral,225 lb // 101 kg
216,Demogoblin,Male,Red,Demon,No Hair,6'1 // 185 cm,Marvel Comics,,bad,210 lb // 95 kg
217,Destroyer,Male,-,-,-,6'2 // 188 cm,Marvel Comics,,bad,850 lb // 383 kg
218,Diamondback,Male,Brown,Human,Black,6'4 // 193 cm,Marvel Comics,,bad,200 lb // 90 kg
219,DL Hawkins,Male,-,-,-,- // 0 cm,NBC - Heroes,,good,- lb // 0 kg
220,Doc Samson,Male,Blue,Human / Radiation,Green,6'6 // 198 cm,Marvel Comics,,good,380 lb // 171 kg
221,Doctor Doom,Male,Brown,Human,Brown,6'7 // 201 cm,Marvel Comics,,bad,415 lb // 187 kg
222,Doctor Doom II,Male,Brown,-,Brown,6'7 // 201 cm,Marvel Comics,,bad,293 lb // 132 kg
223,Doctor Fate,Male,Blue,Human,Blond,6'2 // 188 cm,DC Comics,,good,197 lb // 89 kg
224,Doctor Octopus,Male,Brown,Human,Brown,5'9 // 175 cm,Marvel Comics,,bad,245 lb // 110 kg
225,Doctor Strange,Male,Grey,Human,Black,6'2 // 188 cm,Marvel Comics,,good,180 lb // 81 kg
226,Domino,Female,Blue,Human,Black,5'8 // 173 cm,Marvel Comics,White,good,120 lb // 54 kg
227,Donatello,Male,Green,Mutant,No Hair,- // 0 cm,IDW Publishing,Green,good,- lb // 0 kg
228,Donna Troy,Female,Blue,Amazon,Black,5'9 // 175 cm,DC Comics,,good,140 lb // 63 kg
229,Doomsday,Male,Red,Alien,White,8'0 // 244 cm,DC Comics,,bad,915 lb // 412 kg
230,Doppelganger,Male,White,-,No Hair,6'5 // 196 cm,Marvel Comics,,bad,230 lb // 104 kg
231,Dormammu,Male,Yellow,-,No Hair,6'1 // 185 cm,Marvel Comics,,bad,- lb // 0 kg
232,Dr Manhattan,Male,White,Human / Cosmic,No Hair,- // 0 cm,DC Comics,Blue,good,- lb // 0 kg
233,Drax the Destroyer,Male,Red,Human / Altered,No Hair,6'4 // 193 cm,Marvel Comics,Green,good,680 lb // 306 kg
234,Ego,-,-,-,-,- // 0 cm,Marvel Comics,,bad,- lb // 0 kg
235,Elastigirl,Female,Brown,Human,Brown,5'6 // 168 cm,Dark Horse Comics,,good,125 lb // 56 kg
236,Electro,Male,Blue,Human,Auburn,5'11 // 180 cm,Marvel Comics,,bad,165 lb // 74 kg
237,Elektra,Female,Blue,Human,Black,5'9 // 175 cm,Marvel Comics,,good,130 lb // 59 kg
238,Elle Bishop,Female,Blue,-,Blond,- // 0 cm,NBC - Heroes,,bad,- lb // 0 kg
239,Elongated Man,Male,Blue,-,Red,6'1 // 185 cm,DC Comics,,good,178 lb // 80 kg
240,Emma Frost,Female,Blue,-,Blond,5'10' // 178 cm,Marvel Comics,,good,144 lb // 65 kg
241,Enchantress,Female,Blue,Human,Blond,5'6 // 168 cm,DC Comics,,good,126 lb // 57 kg
242,Energy,Female,-,-,-,- // 0 cm,HarperCollins,,good,- lb // 0 kg
243,ERG-1,Male,-,-,-,- // 0 cm,DC Comics,,good,- lb // 0 kg
244,Ethan Hunt,Male,Brown,Human,Brown,5'6 // 168 cm,,,good,- lb // 0 kg
245,Etrigan,Male,Red,Demon,No Hair,6'4 // 193 cm,DC Comics,Yellow,neutral,452 lb // 203 kg
246,Evil Deadpool,Male,White,Mutant,Red,6'2 // 188 cm,Marvel Comics,,bad,210 lb // 95 kg
247,Evilhawk,Male,Red,Alien,Black,6'3 // 191 cm,Marvel Comics,Green,bad,235 lb // 106 kg
248,Exodus,Male,Blue,Mutant,Black,6'0 // 183 cm,Marvel Comics,Red,bad,195 lb // 88 kg
249,Fabian Cortez,-,Blue,-,Brown,6'5 // 196 cm,Marvel Comics,,bad,214 lb // 96 kg
250,Falcon,Male,Brown,Human,Black,6'2 // 188 cm,Marvel Comics,,good,240 lb // 108 kg
251,Fallen One II,Male,Black,-,Blue,- // 0 cm,Marvel Comics,,bad,- lb // 0 kg
252,Faora,Female,-,Kryptonian,-,- // 0 cm,DC Comics,,bad,- lb // 0 kg
253,Feral,-,Yellow (without irises),-,Orange / White,5'9 // 175 cm,Marvel Comics,,good,110 lb // 50 kg
254,Fighting Spirit,Female,-,-,Red,- // 0 cm,DC Comics,,good,- lb // 0 kg
255,Fin Fang Foom,Male,Red,Kakarantharaian,No Hair,32'0 // 975 cm,Marvel Comics,Green,good,40000 lb // 18 tons
256,Firebird,Female,Brown,-,Black,5'5' // 165 cm,Marvel Comics,,good,125 lb // 56 kg
257,Firelord,-,White,-,Yellow,6'4' // 193 cm,Marvel Comics,,good,220 lb // 99 kg
258,Firestar,Female,Green,Mutant,Red,5'8 // 173 cm,Marvel Comics,,good,125 lb // 56 kg
259,Firestorm,Male,Brown,-,Black,- // 0 cm,DC Comics,,good,- lb // 0 kg
260,Firestorm,Male,Blue,Human,Auburn,6'2 // 188 cm,DC Comics,,good,202 lb // 91 kg
261,Fixer,-,Red,-,No Hair,- // 0 cm,Marvel Comics,,bad,- lb // 0 kg
262,Flash,Male,Blue,Human,Brown / White,5'11 // 180 cm,DC Comics,,good,179 lb // 81 kg
263,Flash Gordon,Male,-,-,-,- // 0 cm,,,good,- lb // 0 kg
264,Flash II,Male,Blue,Human,Blond,6'0 // 183 cm,DC Comics,,good,195 lb // 88 kg
265,Flash III,Male,-,Human,-,6'0 // 183 cm,DC Comics,,good,190 lb // 86 kg
266,Flash IV,Male,Yellow,Human,Auburn,5'2 // 157 cm,DC Comics,,good,115 lb // 52 kg
267,Forge,-,Brown,-,Black,6' // 183 cm,Marvel Comics,,good,180 lb // 81 kg
268,Franklin Richards,Male,Blue,Mutant,Blond,4'8 // 142 cm,Marvel Comics,,good,100 lb // 45 kg
269,Franklin Storm,-,Blue,-,Grey,6'2' // 188 cm,Marvel Comics,,good,205 lb // 92 kg
270,Frenzy,Female,Brown,-,Black,6'11 // 211 cm,Marvel Comics,,bad,230 lb // 104 kg
271,Frigga,Female,Blue,-,White,5'11' // 180 cm,Marvel Comics,,good,370 lb // 167 kg
272,Galactus,Male,Black,Cosmic Entity,Black,28'9 // 876 cm,Marvel Comics,,neutral,36400 lb // 16 tons
273,Gambit,Male,Red,Mutant,Brown,6'1 // 185 cm,Marvel Comics,,good,179 lb // 81 kg
274,Gamora,Female,Yellow,Zen-Whoberian,Black,6'0 // 183 cm,Marvel Comics,Green,good,170 lb // 77 kg
275,Garbage Man,Male,-,Mutant,-,- // 0 cm,DC Comics,,good,- lb // 0 kg
276,Gary Bell,Male,-,Alpha,-,- // 0 cm,SyFy,,good,- lb // 0 kg
277,General Zod,Male,Black,Kryptonian,Black,- // 0 cm,DC Comics,,bad,- lb // 0 kg
278,Genesis,Male,Blue,-,Blond,6'1 // 185 cm,Marvel Comics,,good,191 lb // 86 kg
279,Ghost Rider,Male,Red,Demon,No Hair,6'2 // 188 cm,Marvel Comics,,good,220 lb // 99 kg
280,Ghost Rider II,-,-,-,-,- // 0 cm,Marvel Comics,,good,- lb // 0 kg
281,Giant-Man,Male,-,Human,-,- // 0 cm,Marvel Comics,,good,- lb // 0 kg
282,Giant-Man II,Male,-,-,-,- // 0 cm,Marvel Comics,,good,- lb // 0 kg
283,Giganta,Female,Green,-,Red,205 // 62.5 meters,DC Comics,,bad,1400 lb // 630 kg
284,Gladiator,Male,Blue,Strontian,Blue,6'6 // 198 cm,Marvel Comics,Purple,neutral,595 lb // 268 kg
285,Goblin Queen,Female,Green,-,Red,5'6 // 168 cm,Marvel Comics,,bad,110 lb // 50 kg
286,Godzilla,-,-,Kaiju,-,354'4 // 108.0 meters,,Grey,bad,"200000000 lb // 90,000 tons"
287,Gog,Male,-,-,-,- // 0 cm,DC Comics,,bad,- lb // 0 kg
288,Goku,Male,-,Saiyan,-,5'9 // 175 cm,Shueisha,,good,137 lb // 62 kg
289,Goliath,Male,-,-,-,- // 0 cm,Marvel Comics,,good,- lb // 0 kg
290,Goliath,Male,-,Human,-,- // 0 cm,Marvel Comics,,good,- lb // 0 kg
291,Goliath,Male,-,Human,-,- // 0 cm,Marvel Comics,,good,- lb // 0 kg
292,Goliath IV,Male,Brown,-,Black,6' // 183 cm,Marvel Comics,,good,200 lb // 90 kg
293,Gorilla Grodd,Male,Yellow,Gorilla,Black,6'6 // 198 cm,DC Comics,,bad,600 lb // 270 kg
294,Granny Goodness,Female,Blue,-,White,5'10 // 178 cm,DC Comics,,bad,256 lb // 115 kg
295,Gravity,Male,Blue,Human,Brown,5'10 // 178 cm,Marvel Comics,,good,175 lb // 79 kg
296,Greedo,Male,Purple,Rodian,-,5'7 // 170 cm,George Lucas,Green,bad,- lb // 0 kg
297,Green Arrow,Male,Green,Human,Blond,6'2 // 188 cm,DC Comics,,good,195 lb // 88 kg
298,Green Goblin,Male,Blue,Human,Auburn,5'11 // 180 cm,Marvel Comics,,bad,185 lb // 83 kg
299,Green Goblin II,Male,Blue,-,Auburn,5'10 // 178 cm,Marvel Comics,,bad,170 lb // 77 kg
300,Green Goblin III,Male,-,-,-,6' // 183 cm,Marvel Comics,,good,195 lb // 88 kg
301,Green Goblin IV,Male,Green,-,Brown,5'10 // 178 cm,Marvel Comics,,good,175 lb // 79 kg
302,Groot,Male,Yellow,Flora Colossus,-,23'0 // 701 cm,Marvel Comics,,good,8200 lb // 4 tons
303,Guardian,Male,Brown,Human,Black,- // 0 cm,Marvel Comics,,good,- lb // 0 kg
304,Guy Gardner,Male,Blue,Human-Vuldarian,Red,6'2 // 188 cm,DC Comics,,good,210 lb // 95 kg
305,Hal Jordan,Male,Brown,Human,Brown,6'2 // 188 cm,DC Comics,,good,200 lb // 90 kg
306,Han Solo,Male,Brown,Human,Brown,6'0 // 183 cm,George Lucas,,good,176 lb // 79 kg
307,Hancock,Male,Brown,Human,Black,6'2 // 188 cm,Sony Pictures,,good,- lb // 0 kg
308,Harley Quinn,Female,Blue,Human,Blond,5'7 // 170 cm,DC Comics,,bad,140 lb // 63 kg
309,Harry Potter,Male,Green,Human,Black,- // 0 cm,J. K. Rowling,,good,- lb // 0 kg
310,Havok,Male,Blue,Mutant,Blond,6' // 183 cm,Marvel Comics,,good,175 lb // 79 kg
311,Hawk,Male,Red,-,Brown,6'1 // 185 cm,DC Comics,,good,197 lb // 89 kg
312,Hawkeye,Male,Blue,Human,Blond,6'3 // 191 cm,Marvel Comics,,good,230 lb // 104 kg
313,Hawkeye II,Female,Blue,Human,Black,5'5 // 165 cm,Marvel Comics,,good,126 lb // 57 kg
314,Hawkgirl,Female,Green,-,Red,5'9 // 175 cm,DC Comics,,good,135 lb // 61 kg
315,Hawkman,Male,Blue,-,Brown,6'1 // 185 cm,DC Comics,,good,195 lb // 88 kg
316,Hawkwoman,Female,Green,-,Red,5'9 // 175 cm,DC Comics,,good,120 lb // 54 kg
317,Hawkwoman II,Female,-,-,-,- // 0 cm,DC Comics,,good,- lb // 0 kg
318,Hawkwoman III,Female,Blue,-,Red,5'7 // 170 cm,DC Comics,,good,145 lb // 65 kg
319,Heat Wave,Male,Blue,Human,No Hair,5'11 // 180 cm,DC Comics,,bad,179 lb // 81 kg
320,Hela,Female,Green,Asgardian,Black,7'0 // 213 cm,Marvel Comics,,bad,500 lb // 225 kg
321,Hellboy,Male,Gold,Demon,Black,8'6 // 259 cm,Dark Horse Comics,,good,350 lb // 158 kg
322,Hellcat,Female,Blue,Human,Red,5'8 // 173 cm,Marvel Comics,,good,135 lb // 61 kg
323,Hellstorm,Male,Red,-,Red,6'1' // 185 cm,Marvel Comics,,good,180 lb // 81 kg
324,Hercules,Male,Blue,Demi-God,Brown,6'5 // 196 cm,Marvel Comics,,good,325 lb // 146 kg
325,Hiro Nakamura,Male,-,-,-,- // 0 cm,NBC - Heroes,,good,- lb // 0 kg
326,Hit-Girl,Female,-,Human,-,- // 0 cm,Icon Comics,,good,- lb // 0 kg
327,Hobgoblin,Male,Blue,-,Grey,5'11 // 180 cm,Marvel Comics,,bad,185 lb // 83 kg
328,Hollow,Female,Blue,-,Red,5'7 // 170 cm,Marvel Comics,,good,- lb // 0 kg
329,Hope Summers,Female,Green,-,Red,5'6 // 168 cm,Marvel Comics,,good,106 lb // 48 kg
330,Howard the Duck,Male,Brown,-,Yellow,2'7' // 79 cm,Marvel Comics,,good,40 lb // 18 kg
331,Hulk,Male,Green,Human / Radiation,Green,8'0 // 244 cm,Marvel Comics,Green,good,1400 lb // 630 kg
332,Human Torch,Male,Blue,Human / Radiation,Blond,5'10 // 178 cm,Marvel Comics,,good,170 lb // 77 kg
333,Huntress,Female,Blue,-,Black,5'11 // 180 cm,DC Comics,,good,130 lb // 59 kg
334,Husk,Female,Blue,Mutant,Blond,5'7 // 170 cm,Marvel Comics,,good,128 lb // 58 kg
335,Hybrid,Male,Brown,Symbiote,Black,5'9 // 175 cm,Marvel Comics,,good,172 lb // 77 kg
336,Hydro-Man,Male,Brown,-,Brown,6'2 // 188 cm,Marvel Comics,,bad,265 lb // 119 kg
337,Hyperion,Male,Blue,Eternal,Red,6'0 // 183 cm,Marvel Comics,,good,460 lb // 207 kg
338,Iceman,Male,Brown,Mutant,Brown,5'8 // 173 cm,Marvel Comics,,good,145 lb // 65 kg
339,Impulse,Male,Yellow,Human,Auburn,5'7 // 170 cm,DC Comics,,good,145 lb // 65 kg
340,Indiana Jones,Male,-,Human,-,6'0 // 183 cm,George Lucas,,good,176 lb // 79 kg
341,Indigo,Female,-,Alien,Purple,- // 0 cm,DC Comics,,neutral,- lb // 0 kg
342,Ink,Male,Blue,Mutant,No Hair,5'11 // 180 cm,Marvel Comics,,good,180 lb // 81 kg
343,Invisible Woman,Female,blue,Human / Radiation,Blond,5'6 // 168 cm,Marvel Comics,,good,120 lb // 54 kg
344,Iron Fist,Male,Blue,Human,Blond,5'11 // 180 cm,Marvel Comics,,good,175 lb // 79 kg
345,Iron Man,Male,Blue,Human,Black,6'6 // 198 cm,Marvel Comics,,good,425 lb // 191 kg
346,Iron Monger,Male,Blue,-,No Hair,- // 0 cm,Marvel Comics,,bad,4230 lb // 2 tons
347,Isis,Female,-,-,-,- // 0 cm,DC Comics,,good,- lb // 0 kg
348,Jack Bauer,Male,-,-,-,- // 0 cm,,,good,- lb // 0 kg
349,Jack of Hearts,Male,Blue / White,Human,Brown,5'1 // 155 cm,Marvel Comics,,good,175 lb // 79 kg
350,Jack-Jack,Male,Blue,Human,Brown,2'4 // 71 cm,Dark Horse Comics,,good,30 lb // 14 kg
351,James Bond,Male,blue,Human,Blond,6'0 // 183 cm,Titan Books,,good,- lb // 0 kg
352,James T. Kirk,Male,Hazel,Human,Brown,5'10 // 178 cm,Star Trek,,good,170 lb // 77 kg
353,Jar Jar Binks,Male,Yellow,Gungan,-,6'4 // 193 cm,George Lucas,Orange / White,good,- lb // 0 kg
354,Jason Bourne,Male,-,Human,-,- // 0 cm,,,good,- lb // 0 kg
355,Jean Grey,Female,Green,Mutant,Red,5'6 // 168 cm,Marvel Comics,,good,115 lb // 52 kg
356,Jean-Luc Picard,Male,-,Human,-,- // 0 cm,Star Trek,,good,- lb // 0 kg
357,Jennifer Kale,Female,Blue,-,Blond,5'6 // 168 cm,Marvel Comics,,good,122 lb // 55 kg
358,Jesse Quick,Female,-,Human,-,- // 0 cm,DC Comics,,good,- lb // 0 kg
359,Jessica Cruz,Female,Green,Human,Brown,- // 0 cm,DC Comics,,good,- lb // 0 kg
360,Jessica Jones,Female,Brown,Human,Brown,5'7 // 170 cm,Marvel Comics,,good,124 lb // 56 kg
361,Jessica Sanders,Female,-,-,-,- // 0 cm,NBC - Heroes,,good,- lb // 0 kg
362,Jigsaw,Male,Blue,-,Black,6'2 // 188 cm,Marvel Comics,,bad,250 lb // 113 kg
363,Jim Powell,Male,-,-,-,- // 0 cm,ABC Studios,,good,- lb // 0 kg
364,JJ Powell,Male,-,-,-,- // 0 cm,ABC Studios,,good,- lb // 0 kg
365,Johann Krauss,Male,-,-,-,- // 0 cm,Dark Horse Comics,,good,- lb // 0 kg
366,John Constantine,Male,Blue,Human,Blond,6'0 // 183 cm,DC Comics,,good,- lb // 0 kg
367,John Stewart,Male,Green,Human,Black,6'1 // 185 cm,DC Comics,,good,201 lb // 90 kg
368,John Wraith,Male,Brown,-,Black,6'0 // 183 cm,Marvel Comics,,good,195 lb // 88 kg
369,Joker,Male,Green,Human,Green,6'5 // 196 cm,DC Comics,White,bad,192 lb // 86 kg
370,Jolt,Female,Blue,-,Black,5'5 // 165 cm,Marvel Comics,,good,109 lb // 49 kg
371,Jubilee,Female,Red,Mutant,Black,5'5 // 165 cm,Marvel Comics,,good,115 lb // 52 kg
372,Judge Dredd,Male,-,Human,-,6'2 // 188 cm,Rebellion,,good,- lb // 0 kg
373,Juggernaut,Male,Blue,Human,Red,9'5 // 287 cm,Marvel Comics,,neutral,1900 lb // 855 kg
374,Junkpile,Male,-,Mutant,-,- // 0 cm,Marvel Comics,,bad,- lb // 0 kg
375,Justice,Male,Hazel,Human,Brown,5'10 // 178 cm,Marvel Comics,,good,180 lb // 81 kg
376,Jyn Erso,Female,Green,Human,Brown,- // 0 cm,George Lucas,,good,- lb // 0 kg
377,K-2SO,Male,White,Android,No Hair,7'0 // 213 cm,George Lucas,Gray,good,- lb // 0 kg
378,Kang,Male,Brown,-,Brown,6'3 // 191 cm,Marvel Comics,,bad,230 lb // 104 kg
379,Karate Kid,Male,Brown,Human,Brown,5'8 // 173 cm,DC Comics,,good,160 lb // 72 kg
380,Kathryn Janeway,Female,-,Human,-,- // 0 cm,Star Trek,,good,- lb // 0 kg
381,Katniss Everdeen,Female,-,Human,-,- // 0 cm,,,good,- lb // 0 kg
382,Kevin 11,Male,-,Human,Black,- // 0 cm,DC Comics,,good,- lb // 0 kg
383,Kick-Ass,Male,Blue,Human,Blond,- // 0 cm,Icon Comics,,good,- lb // 0 kg
384,Kid Flash,Male,Green,Human,Red,- // 0 cm,DC Comics,,good,- lb // 0 kg
385,Kid Flash II,Male,-,-,-,- // 0 cm,DC Comics,,good,- lb // 0 kg
386,Killer Croc,Male,Red,Metahuman,No Hair,8'0 // 244 cm,DC Comics,Green,bad,790 lb // 356 kg
387,Killer Frost,Female,Blue,Human,Blond,- // 0 cm,DC Comics,Blue,bad,- lb // 0 kg
388,Kilowog,Male,Red,Bolovaxian,No Hair,7'8 // 234 cm,DC Comics,Pink,good,720 lb // 324 kg
389,King Kong,Male,Yellow,Animal,Black,100'0 // 30.5 meters,,,good,"20000000 lb // 9,000 tons"
390,King Shark,Male,Black,Animal,No Hair,- // 0 cm,DC Comics,,bad,- lb // 0 kg
391,Kingpin,Male,Blue,Human,No Hair,6'7 // 201 cm,Marvel Comics,,bad,450 lb // 203 kg
392,Klaw,Male,Red,Human,No Hair,6'2 // 188 cm,Marvel Comics,Red,bad,216 lb // 97 kg
393,Kool-Aid Man,Male,Black,-,No Hair,- // 0 cm,,Red,good,- lb // 0 kg
394,Kraven II,Male,Brown,Human,Black,6'3 // 191 cm,Marvel Comics,,bad,220 lb // 99 kg
395,Kraven the Hunter,Male,Brown,Human,Black,6'0 // 183 cm,Marvel Comics,,bad,235 lb // 106 kg
396,Krypto,Male,Blue,Kryptonian,White,0'25 // 64 cm,DC Comics,,good,40 lb // 18 kg
397,Kyle Rayner,Male,Green,Human,Black,5'11 // 180 cm,DC Comics,,good,175 lb // 79 kg
398,Kylo Ren,Male,-,Human,-,- // 0 cm,George Lucas,,bad,- lb // 0 kg
399,Lady Bullseye,Female,-,-,Black,- // 0 cm,Marvel Comics,,bad,- lb // 0 kg
400,Lady Deathstrike,Female,Brown,Cyborg,Black,5'9 // 175 cm,Marvel Comics,,bad,128 lb // 58 kg
401,Leader,Male,Green,-,No Hair,5'10 // 178 cm,Marvel Comics,,bad,140 lb // 63 kg
402,Leech,Male,-,-,-,- // 0 cm,Marvel Comics,,good,- lb // 0 kg
403,Legion,Male,Green / Blue,Mutant,Black,5'9 // 175 cm,Marvel Comics,,good,130 lb // 59 kg
404,Leonardo,Male,Blue,Mutant,No Hair,- // 0 cm,IDW Publishing,Green,good,- lb // 0 kg
405,Lex Luthor,Male,Green,Human,No Hair,6'2' // 188 cm,DC Comics,,bad,210 lb // 95 kg
406,Light Lass,Female,Blue,-,Red,5'5 // 165 cm,DC Comics,,good,120 lb // 54 kg
407,Lightning Lad,Male,Blue,-,Red,5'1 // 155 cm,DC Comics,,good,145 lb // 65 kg
408,Lightning Lord,Male,Blue,-,Red,6'3 // 191 cm,DC Comics,,bad,210 lb // 95 kg
409,Living Brain,-,Yellow,-,-,6'6 // 198 cm,Marvel Comics,,bad,800 lb // 360 kg
410,Living Tribunal,-,Blue,Cosmic Entity,No Hair,- // 0 cm,Marvel Comics,Gold,neutral,- lb // 0 kg
411,Liz Sherman,Female,-,-,-,- // 0 cm,Dark Horse Comics,,good,- lb // 0 kg
412,Lizard,Male,Red,Human,No Hair,6'8 // 203 cm,Marvel Comics,,bad,510 lb // 230 kg
413,Lobo,Male,Red,Czarnian,Black,7'6 // 229 cm,DC Comics,Blue-White,neutral,640 lb // 288 kg
414,Loki,Male,Green,Asgardian,Black,6'4 // 193 cm,Marvel Comics,,bad,525 lb // 236 kg
415,Longshot,Male,Blue,Human,Blond,6'2 // 188 cm,Marvel Comics,,good,80 lb // 36 kg
416,Luke Cage,Male,Brown,Human,Black,6'6 // 198 cm,Marvel Comics,,good,425 lb // 191 kg
417,Luke Campbell,Male,-,-,-,- // 0 cm,NBC - Heroes,,bad,- lb // 0 kg
418,Luke Skywalker,Male,Blue,Human,Blond,5'6 // 168 cm,George Lucas,,good,170 lb // 77 kg
419,Luna,Female,-,Human,-,- // 0 cm,Marvel Comics,,good,- lb // 0 kg
420,Lyja,Female,Green,-,Green,- // 0 cm,Marvel Comics,,good,- lb // 0 kg
421,Mach-IV,Male,Brown,-,Brown,5'11 // 180 cm,Marvel Comics,,bad,175 lb // 79 kg
422,Machine Man,-,Red,-,Black,6' // 183 cm,Marvel Comics,,good,850 lb // 383 kg
423,Magneto,Male,Grey,Mutant,White,6'2 // 188 cm,Marvel Comics,,bad,190 lb // 86 kg
424,Magog,Male,Blue,-,Blond,- // 0 cm,DC Comics,,good,- lb // 0 kg
425,Magus,Male,Black,-,-,6'0 // 183 cm,Marvel Comics,,bad,- lb // 0 kg
426,Man of Miracles,-,Blue,God / Eternal,Silver,- // 0 cm,Image Comics,,-,- lb // 0 kg
427,Man-Bat,Male,Brown,Human,Brown,- // 0 cm,DC Comics,,neutral,- lb // 0 kg
428,Man-Thing,Male,Red,-,No Hair,7'0 // 213 cm,Marvel Comics,Green,good,500 lb // 225 kg
429,Man-Wolf,Male,Brown,-,Auburn,6'2' // 188 cm,Marvel Comics,,good,200 lb // 90 kg
430,Mandarin,Male,Blue,Human,White,6'2 // 188 cm,Marvel Comics,,bad,215 lb // 97 kg
431,Mantis,Female,Green,Human-Kree,Black,5'6 // 168 cm,Marvel Comics,Green,good,115 lb // 52 kg
432,Martian Manhunter,Male,Red,Martian,No Hair,6'7 // 201 cm,DC Comics,Green,good,300 lb // 135 kg
433,Marvel Girl,Female,Green,-,Red,5'7' // 170 cm,Marvel Comics,,good,125 lb // 56 kg
434,Master Brood,Male,Blue,-,Black,6'0 // 183 cm,Team Epic TV,,good,180 lb // 81 kg
435,Master Chief,Male,Brown,Human / Altered,Brown,7' // 213 cm,Microsoft,,good,- lb // 0 kg
436,Match,Male,Black,-,Black,- // 0 cm,DC Comics,,bad,- lb // 0 kg
437,Matt Parkman,Male,-,-,-,- // 0 cm,NBC - Heroes,,good,- lb // 0 kg
438,Maverick,Male,Blue,-,Black,6'4 // 193 cm,Marvel Comics,,good,244 lb // 110 kg
439,Maxima,Female,Brown,-,Red,5'11 // 180 cm,DC Comics,,bad,160 lb // 72 kg
440,Maya Herrera,Female,-,-,-,- // 0 cm,NBC - Heroes,,good,- lb // 0 kg
441,Medusa,Female,Green,Inhuman,Red,5'11 // 180 cm,Marvel Comics,,good,130 lb // 59 kg
442,Meltdown,Female,Blue,-,Blond,5'5 // 165 cm,Marvel Comics,,good,120 lb // 54 kg
443,Mephisto,Male,White,-,Black,6'6 // 198 cm,Marvel Comics,,bad,310 lb // 140 kg
444,Mera,Female,Blue,Atlantean,Red,5'9 // 175 cm,DC Comics,,good,160 lb // 72 kg
445,Metallo,Male,Green,Android,Brown,6'5 // 196 cm,DC Comics,,bad,200 lb // 90 kg
446,Metamorpho,Male,Black,-,No Hair,6'1 // 185 cm,DC Comics,,good,200 lb // 90 kg
447,Meteorite,Female,-,-,-,- // 0 cm,Marvel Comics,,good,- lb // 0 kg
448,Metron,Male,Blue,-,Black,6'1 // 185 cm,DC Comics,,good,190 lb // 86 kg
449,Micah Sanders,Male,Brown,-,Black,- // 0 cm,NBC - Heroes,,good,- lb // 0 kg
450,Michelangelo,Male,Blue,Mutant,-,- // 0 cm,IDW Publishing,Green,good,- lb // 0 kg
451,Micro Lad,Male,Grey,-,Brown,6' // 183 cm,DC Comics,,good,170 lb // 77 kg
452,Mimic,Male,Brown,-,Brown,6'2 // 188 cm,Marvel Comics,,good,225 lb // 101 kg
453,Minna Murray,Female,-,-,-,- // 0 cm,Wildstorm,,good,- lb // 0 kg
454,Misfit,Female,Blue,-,Red,- // 0 cm,DC Comics,,good,- lb // 0 kg
455,Miss Martian,Female,Red,-,Red,5'10 // 178 cm,DC Comics,,good,135 lb // 61 kg
456,Mister Fantastic,Male,Brown,Human / Radiation,Brown,6'1 // 185 cm,Marvel Comics,,good,180 lb // 81 kg
457,Mister Freeze,Male,-,Human,-,6'0 // 183 cm,DC Comics,,bad,190 lb // 86 kg
458,Mister Knife,Male,Blue,Spartoi,Brown,- // 0 cm,Marvel Comics,,bad,- lb // 0 kg
459,Mister Mxyzptlk,Male,-,God / Eternal,-,- // 0 cm,DC Comics,,bad,- lb // 0 kg
460,Mister Sinister,Male,Red,Human / Altered,Black,6'5 // 196 cm,Marvel Comics,,bad,285 lb // 128 kg
461,Mister Zsasz,Male,Blue,Human,Blond,- // 0 cm,DC Comics,,bad,- lb // 0 kg
462,Mockingbird,Female,Blue,Human,Blond,5'9 // 175 cm,Marvel Comics,,good,135 lb // 61 kg
463,MODOK,Male,White,Cyborg,Brownn,12'0 // 366 cm,Marvel Comics,,bad,750 lb // 338 kg
464,Mogo,Male,-,Planet,-,- // 0 cm,DC Comics,,good,- lb // 0 kg
465,Mohinder Suresh,Male,-,-,-,- // 0 cm,NBC - Heroes,,good,- lb // 0 kg
466,Moloch,Male,-,-,-,- // 0 cm,DC Comics,,bad,- lb // 0 kg
467,Molten Man,Male,Gold,-,Gold,6'5 // 196 cm,Marvel Comics,,bad,550 lb // 248 kg
468,Monarch,Male,Blue,-,White,6'4 // 193 cm,DC Comics,,good,200 lb // 90 kg
469,Monica Dawson,Female,-,-,-,- // 0 cm,NBC - Heroes,,good,- lb // 0 kg
470,Moon Knight,Male,Brown,Human,Brown,6'2 // 188 cm,Marvel Comics,,good,225 lb // 101 kg
471,Moonstone,Female,Blue,-,Blond,5'11 // 180 cm,Marvel Comics,,bad,130 lb // 59 kg
472,Morlun,Male,White / Red,-,Black,6'2 // 188 cm,Marvel Comics,,bad,175 lb // 79 kg
473,Morph,Male,White,-,No Hair,5'10 // 178 cm,Marvel Comics,,good,175 lb // 79 kg
474,Moses Magnum,Male,Brown,-,Black,5'9 // 175 cm,Marvel Comics,,bad,159 lb // 72 kg
475,Mr Immortal,Male,Blue,Mutant,Blond,6'2 // 188 cm,Marvel Comics,,good,156 lb // 70 kg
476,Mr Incredible,Male,Blue,Human,Blond,6'7 // 201 cm,Dark Horse Comics,,good,350 lb // 158 kg
477,Ms Marvel II,Female,Blue,-,Red,5'8 // 173 cm,Marvel Comics,,good,135 lb // 61 kg
478,Multiple Man,Male,Blue,-,Brown,5'11' // 180 cm,Marvel Comics,,good,155 lb // 70 kg
479,Mysterio,Male,Brown,Human,No Hair,5'11 // 180 cm,Marvel Comics,,bad,175 lb // 79 kg
480,Mystique,Female,Yellow (without irises),Mutant,Red / Orange,5'10 // 178 cm,Marvel Comics,Blue,bad,120 lb // 54 kg
481,Namor,Male,-,-,-,- // 0 cm,Marvel Comics,,good,- lb // 0 kg
482,Namor,Male,Grey,Atlantean,Black,6'2 // 188 cm,Marvel Comics,,good,278 lb // 125 kg
483,Namora,Female,Blue,-,Blond,5'11 // 180 cm,Marvel Comics,,good,189 lb // 85 kg
484,Namorita,Female,Blue,-,Blond,5'6 // 168 cm,Marvel Comics,,good,225 lb // 101 kg
485,Naruto Uzumaki,Male,-,Human,-,5'6 // 168 cm,Shueisha,,good,121 lb // 54 kg
486,Nathan Petrelli,Male,Brown,-,-,- // 0 cm,NBC - Heroes,,good,- lb // 0 kg
487,Nebula,Female,Blue,Luphomoid,No Hair,6'1 // 185 cm,Marvel Comics,Blue,bad,185 lb // 83 kg
488,Negasonic Teenage Warhead,Female,Black,Mutant,Black,- // 0 cm,Marvel Comics,,good,- lb // 0 kg
489,Nick Fury,Male,Brown,Human,Brown / White,6'1 // 185 cm,Marvel Comics,,good,221 lb // 99 kg
490,Nightcrawler,Male,Yellow,-,Indigo,5'9' // 175 cm,Marvel Comics,,good,195 lb // 88 kg
491,Nightwing,Male,Blue,Human,Black,5'10 // 178 cm,DC Comics,,good,175 lb // 79 kg
492,Niki Sanders,Female,Blue,-,Blond,- // 0 cm,NBC - Heroes,,good,- lb // 0 kg
493,Nina Theroux,Female,-,Alpha,-,- // 0 cm,SyFy,,good,- lb // 0 kg
494,Nite Owl II,Male,-,-,-,- // 0 cm,DC Comics,,good,- lb // 0 kg
495,Northstar,Male,Blue,-,Black,5'11 // 180 cm,Marvel Comics,,good,185 lb // 83 kg
496,Nova,Male,Brown,Human,Brown,6'1 // 185 cm,Marvel Comics,,good,190 lb // 86 kg
497,Nova,Female,White,Human / Cosmic,Red,5'4 // 163 cm,Marvel Comics,Gold,good,130 lb // 59 kg
498,Odin,Male,Blue,God / Eternal,White,6'9 // 206 cm,Marvel Comics,,good,650 lb // 293 kg
499,Offspring,Male,-,-,-,- // 0 cm,DC Comics,,good,- lb // 0 kg
500,Omega Red,Male,Red,-,Blond,6'11 // 211 cm,Marvel Comics,,bad,425 lb // 191 kg
501,Omniscient,Male,Brown,-,Black,5'11 // 180 cm,Team Epic TV,,good,145 lb // 65 kg
502,One Punch Man,Male,-,Human,No Hair,5'9 // 175 cm,Shueisha,,good,154 lb // 69 kg
503,One-Above-All,-,-,Cosmic Entity,-,- // 0 cm,Marvel Comics,,neutral,- lb // 0 kg
504,Onslaught,Male,Red,Mutant,No Hair,10'0 // 305 cm,Marvel Comics,,bad,900 lb // 405 kg
505,Oracle,Female,Blue,Human,Red,5'10 // 178 cm,DC Comics,,good,132 lb // 59 kg
506,Osiris,Male,Brown,-,Brown,- // 0 cm,DC Comics,,good,- lb // 0 kg
507,Overtkill,Male,-,-,-,- // 0 cm,Image Comics,,bad,- lb // 0 kg
508,Ozymandias,Male,Blue,Human,Blond,- // 0 cm,DC Comics,,bad,- lb // 0 kg
509,Parademon,-,-,Parademon,-,- // 0 cm,DC Comics,,bad,- lb // 0 kg
510,Paul Blart,Male,-,Human,-,5'7 // 170 cm,Sony Pictures,,good,260 lb // 117 kg
511,Penance,-,-,-,-,- // 0 cm,Marvel Comics,,good,- lb // 0 kg
512,Penance I,Female,-,-,-,- // 0 cm,Marvel Comics,,good,- lb // 0 kg
513,Penance II,Male,Blue,-,Blond,6' // 183 cm,Marvel Comics,,good,197 lb // 89 kg
514,Penguin,Male,Blue,Human,Black,5'2 // 157 cm,DC Comics,,bad,175 lb // 79 kg
515,Peter Petrelli,Male,-,-,-,- // 0 cm,NBC - Heroes,,good,- lb // 0 kg
516,Phantom,Male,-,-,-,- // 0 cm,DC Comics,,good,- lb // 0 kg
517,Phantom Girl,Female,Blue,-,Black,5'6 // 168 cm,DC Comics,,good,120 lb // 54 kg
518,Phoenix,Female,Green,Mutant,Red,5'6 // 168 cm,Marvel Comics,,good,115 lb // 52 kg
519,Plantman,Male,Green,Mutant,Grey,6'0 // 183 cm,Marvel Comics,,bad,193 lb // 87 kg
520,Plastic Lad,Male,-,-,-,- // 0 cm,DC Comics,,good,- lb // 0 kg
521,Plastic Man,Male,Blue,Human,Black,6'1 // 185 cm,DC Comics,,good,178 lb // 80 kg
522,Plastique,Female,Blue,-,Red,5'6 // 168 cm,DC Comics,,bad,123 lb // 55 kg
523,Poison Ivy,Female,Green,Human,Red,5'6 // 168 cm,DC Comics,Green,bad,110 lb // 50 kg
524,Polaris,Female,Green,Mutant,Green,5'7 // 170 cm,Marvel Comics,,good,115 lb // 52 kg
525,Power Girl,Female,blue,Kryptonian,blond,5'11 // 180 cm,DC Comics,,good,180 lb // 81 kg
526,Power Man,Male,-,Mutant,-,- // 0 cm,Marvel Comics,,good,- lb // 0 kg
527,Predator,Male,-,Yautja,-,7'0 // 213 cm,Dark Horse Comics,,bad,520 lb // 234 kg
528,Professor X,Male,Blue,Mutant,No Hair,6' // 183 cm,Marvel Comics,,good,190 lb // 86 kg
529,Professor Zoom,Male,Blue,Human,Strawberry Blond,5'11 // 180 cm,DC Comics,,bad,179 lb // 81 kg
530,Proto-Goblin,Male,Green,-,Blond,- // 0 cm,Marvel Comics,,bad,- lb // 0 kg
531,Psylocke,Female,Blue,Mutant,Purple,5'11 // 180 cm,Marvel Comics,,good,155 lb // 70 kg
532,Punisher,Male,Blue,Human,Black,6'0' // 183 cm,Marvel Comics,,good,200 lb // 90 kg
533,Purple Man,Male,Purple,Human,Purple,5'11 // 180 cm,Marvel Comics,Purple,bad,165 lb // 74 kg
534,Pyro,Male,Blue,-,Blond,5'10 // 178 cm,Marvel Comics,,bad,150 lb // 68 kg
535,Q,Male,-,God / Eternal,-,- // 0 cm,Star Trek,,-,- lb // 0 kg
536,Quantum,Male,-,-,-,- // 0 cm,HarperCollins,,good,- lb // 0 kg
537,Question,Male,Blue,Human,Blond,6'2 // 188 cm,DC Comics,,good,185 lb // 83 kg
538,Quicksilver,Male,Blue,Mutant,Silver,6'0 // 183 cm,Marvel Comics,,good,175 lb // 79 kg
539,Quill,Male,Brown,-,Brown,5'4 // 163 cm,Marvel Comics,,good,124 lb // 56 kg
540,Ra's Al Ghul,Male,Green,Human,Grey,6'4 // 193 cm,DC Comics,,bad,215 lb // 97 kg
541,Rachel Pirzad,Female,-,Alpha,-,- // 0 cm,SyFy,,good,- lb // 0 kg
542,Rambo,Male,Brown,Human,Black,5'10 // 178 cm,,,good,185 lb // 83 kg
543,Raphael,Male,-,Mutant,No Hair,- // 0 cm,IDW Publishing,Green,good,- lb // 0 kg
544,Raven,Female,Indigo,Human,Black,5'5 // 165 cm,DC Comics,,neutral,110 lb // 50 kg
545,Ray,Male,Green,Human,Red,5'10 // 178 cm,DC Comics,,good,155 lb // 70 kg
546,Razor-Fist II,Male,Blue,-,No Hair,6'3 // 191 cm,Marvel Comics,,bad,260 lb // 117 kg
547,Red Arrow,Male,Green,Human,Red,5'11 // 180 cm,DC Comics,,good,185 lb // 83 kg
548,Red Hood,Male,Blue,Human,Black,6'0 // 183 cm,DC Comics,,neutral,180 lb // 81 kg
549,Red Hulk,Male,Yellow,Human / Radiation,Black,7'0 // 213 cm,Marvel Comics,Red,neutral,1400 lb // 630 kg
550,Red Mist,Male,-,-,-,- // 0 cm,Icon Comics,,bad,- lb // 0 kg
551,Red Robin,Male,Blue,Human,Black,5'5 // 165 cm,DC Comics,,good,125 lb // 56 kg
552,Red Skull,Male,Blue,-,No Hair,6'2 // 188 cm,Marvel Comics,,bad,240 lb // 108 kg
553,Red Tornado,Male,Green,Android,No Hair,6'1 // 185 cm,DC Comics,,good,325 lb // 146 kg
554,Redeemer II,Male,-,-,-,- // 0 cm,Image Comics,,bad,- lb // 0 kg
555,Redeemer III,Male,-,-,-,- // 0 cm,Image Comics,,bad,- lb // 0 kg
556,Renata Soliz,Female,-,-,-,- // 0 cm,HarperCollins,,good,- lb // 0 kg
557,Rey,Female,Hazel,Human,Brown,5'57 // 297 cm,George Lucas,,good,- lb // 0 kg
558,Rhino,Male,Brown,Human / Radiation,Brown,6'5 // 196 cm,Marvel Comics,,bad,710 lb // 320 kg
559,Rick Flag,Male,Blue,-,Brown,6'1 // 185 cm,DC Comics,,bad,189 lb // 85 kg
560,Riddler,Male,-,-,-,- // 0 cm,DC Comics,,bad,- lb // 0 kg
561,Rip Hunter,Male,Blue,Human,Blond,- // 0 cm,DC Comics,,good,- lb // 0 kg
562,Ripcord,Female,Green,-,Black,5'11 // 180 cm,Marvel Comics,,good,160 lb // 72 kg
563,Robin,Male,Blue,Human,Black,5'10 // 178 cm,DC Comics,,good,175 lb // 79 kg
564,Robin II,Male,Blue,Human,Red,6'0 // 183 cm,DC Comics,,good,225 lb // 101 kg
565,Robin III,Male,Blue,Human,Black,5'5 // 165 cm,DC Comics,,good,125 lb // 56 kg
566,Robin V,Male,Blue,Human,Black,4'6 // 137 cm,DC Comics,,good,84 lb // 38 kg
567,Robin VI,Female,Green,Human,Red,- // 0 cm,DC Comics,,neutral,- lb // 0 kg
568,Rocket Raccoon,Male,Brown,Animal,Brown,4'0 // 122 cm,Marvel Comics,,good,55 lb // 25 kg
569,Rogue,Female,Green,-,Brown / White,5'8 // 173 cm,Marvel Comics,,good,120 lb // 54 kg
570,Ronin,Male,Blue,Human,Blond,6'3 // 191 cm,Marvel Comics,,good,230 lb // 104 kg
571,Rorschach,Male,Blue,Human,Red,5'6 // 168 cm,DC Comics,,good,140 lb // 63 kg
572,Sabretooth,Male,Amber,Mutant,Blond,6'6 // 198 cm,Marvel Comics,,bad,380 lb // 171 kg
573,Sage,Female,Blue,-,Black,5'7' // 170 cm,Marvel Comics,,good,135 lb // 61 kg
574,Sandman,Male,Brown,Human,Brown,6'1 // 185 cm,Marvel Comics,,neutral,450 lb // 203 kg
575,Sasquatch,Male,Red,-,Orange,10' // 305 cm,Marvel Comics,,good,2000 lb // 900 kg
576,Sauron,Male,-,Maiar,-,9'2 // 279 cm,J. R. R. Tolkien,,bad,- lb // 0 kg
577,Savage Dragon,Male,-,-,-,- // 0 cm,Image Comics,,good,- lb // 0 kg
578,Scarecrow,Male,Blue,Human,Brown,6'0 // 183 cm,DC Comics,,bad,140 lb // 63 kg
579,Scarlet Spider,Male,Blue,Human,Blond,5'10' // 178 cm,Marvel Comics,,good,165 lb // 74 kg
580,Scarlet Spider II,Male,Brown,Clone,Brown,6'4 // 193 cm,Marvel Comics,,good,250 lb // 113 kg
581,Scarlet Witch,Female,Blue,Mutant,Brown,5'7 // 170 cm,Marvel Comics,,bad,132 lb // 59 kg
582,Scorpia,Female,Green,-,Red,- // 0 cm,Marvel Comics,,bad,- lb // 0 kg
583,Scorpion,Male,Brown,Human,Brown,6'11 // 211 cm,Marvel Comics,,bad,689 lb // 310 kg
584,Sebastian Shaw,Male,-,Mutant,-,- // 0 cm,Marvel Comics,,bad,- lb // 0 kg
585,Sentry,Male,Blue,Mutant,Blond,6'2 // 188 cm,Marvel Comics,,neutral,194 lb // 87 kg
586,Shadow King,-,Red,-,-,6'1 // 185 cm,Marvel Comics,,good,330 lb // 149 kg
587,Shadow Lass,Female,Black,Talokite,Black,5'8 // 173 cm,DC Comics,Blue,good,120 lb // 54 kg
588,Shadowcat,Female,Hazel,Mutant,Brown,5'6 // 168 cm,Marvel Comics,,good,110 lb // 50 kg
589,Shang-Chi,Male,Brown,Human,Black,5'10 // 178 cm,Marvel Comics,,good,175 lb // 79 kg
590,Shatterstar,Male,Brown,-,Red,6'3 // 191 cm,Marvel Comics,,good,195 lb // 88 kg
591,She-Hulk,Female,Green,Human,Green,6'7 // 201 cm,Marvel Comics,,good,700 lb // 315 kg
592,She-Thing,Female,Blue,Human / Radiation,No Hair,6'0 // 183 cm,Marvel Comics,,good,340 lb // 153 kg
593,Shocker,Male,Brown,Human,Brown,5'9 // 175 cm,Marvel Comics,,bad,175 lb // 79 kg
594,Shriek,Female,Yellow / Blue,-,Black,5'8 // 173 cm,Marvel Comics,,good,115 lb // 52 kg
595,Shrinking Violet,Female,-,-,-,- // 0 cm,DC Comics,,good,- lb // 0 kg
596,Sif,Female,Blue,Asgardian,Black,6'2 // 188 cm,Marvel Comics,,good,425 lb // 191 kg
597,Silk,Female,Brown,Human,Black,- // 0 cm,Marvel Comics,,good,- lb // 0 kg
598,Silk Spectre,Female,-,-,-,- // 0 cm,DC Comics,,good,- lb // 0 kg
599,Silk Spectre II,Female,-,-,-,- // 0 cm,DC Comics,,good,- lb // 0 kg
600,Silver Surfer,Male,White,Alien,No Hair,6'4 // 193 cm,Marvel Comics,Silver,good,225 lb // 101 kg
601,Silverclaw,Female,Brown,-,Black,5'2 // 157 cm,Marvel Comics,,good,110 lb // 50 kg
602,Simon Baz,Male,Bown,Human,Black,- // 0 cm,DC Comics,,good,- lb // 0 kg
603,Sinestro,Male,Black,Korugaran,Black,6'7 // 201 cm,DC Comics,Red,neutral,205 lb // 92 kg
604,Siren,Female,Blue,Atlantean,Purple,5'9 // 175 cm,DC Comics,,bad,160 lb // 72 kg
605,Siren II,Female,Black,-,-,- // 0 cm,DC Comics,,bad,- lb // 0 kg
606,Siryn,Female,Blue,-,Strawberry Blond,5'6 // 168 cm,Marvel Comics,,bad,115 lb // 52 kg
607,Skaar,Male,Green,-,Black,6'6 // 198 cm,Marvel Comics,,good,400 lb // 180 kg
608,Snake-Eyes,Male,-,Animal,-,- // 0 cm,Marvel Comics,,bad,- lb // 0 kg
609,Snowbird,Female,White,-,Blond,5'10' // 178 cm,Marvel Comics,,good,108 lb // 49 kg
610,Sobek,Male,White,-,No Hair,- // 0 cm,DC Comics,,good,- lb // 0 kg
611,Solomon Grundy,Male,Black,Zombie,White,9'2 // 279 cm,DC Comics,,bad,971 lb // 437 kg
612,Songbird,Female,Green,-,Red / White,5'5 // 165 cm,Marvel Comics,,good,145 lb // 65 kg
613,Space Ghost,Male,-,Human,-,6'2 // 188 cm,DC Comics,,good,250 lb // 113 kg
614,Spawn,Male,Brown,Demon,Black,6'11 // 211 cm,Image Comics,,good,900 lb // 405 kg
615,Spectre,Male,White,God / Eternal,No Hair,- // 0 cm,DC Comics,White,good,- lb // 0 kg
616,Speedball,Male,-,-,-,- // 0 cm,Marvel Comics,,good,- lb // 0 kg
617,Speedy,Male,-,Human,-,- // 0 cm,DC Comics,,good,- lb // 0 kg
618,Speedy,Female,Green,Human,Brown,- // 0 cm,DC Comics,,good,- lb // 0 kg
619,Spider-Carnage,Male,-,Symbiote,-,- // 0 cm,Marvel Comics,,bad,- lb // 0 kg
620,Spider-Girl,Female,Blue,Human,Brown,5'7 // 170 cm,Marvel Comics,,good,119 lb // 54 kg
621,Spider-Gwen,Female,Blue,Human,Blond,5'5 // 165 cm,Marvel Comics,,good,125 lb // 56 kg
622,Spider-Man,Male,Hazel,Human,Brown,5'10 // 178 cm,Marvel Comics,,good,165 lb // 74 kg
623,Spider-Man,-,Red,Human,Brown,5'10 // 178 cm,Marvel Comics,,good,170 lb // 77 kg
624,Spider-Man,Male,Brown,Human,Black,5'2 // 157 cm,Marvel Comics,,good,125 lb // 56 kg
625,Spider-Woman,Female,Green,Human,Black,5'10 // 178 cm,Marvel Comics,,good,130 lb // 59 kg
626,Spider-Woman II,Female,-,-,-,- // 0 cm,Marvel Comics,,good,- lb // 0 kg
627,Spider-Woman III,Female,Brown,-,Brown,5'8 // 173 cm,Marvel Comics,,good,123 lb // 55 kg
628,Spider-Woman IV,Female,Red,-,White,5'10 // 178 cm,Marvel Comics,,bad,128 lb // 58 kg
629,Spock,Male,Brown,Human-Vulcan,Black,6'1 // 185 cm,Star Trek,,good,180 lb // 81 kg
630,Spyke,Male,Brown,Mutant,Blond,6'0 // 183 cm,Marvel Comics,,good,185 lb // 83 kg
631,Stacy X,Female,-,-,-,- // 0 cm,Marvel Comics,,good,- lb // 0 kg
632,Star-Lord,Male,Blue,Human-Spartoi,Blond,6'2 // 188 cm,Marvel Comics,,good,175 lb // 79 kg
633,Stardust,Male,-,-,-,- // 0 cm,Marvel Comics,,good,- lb // 0 kg
634,Starfire,Female,Green,Tamaranean,Auburn,6'4 // 193 cm,DC Comics,Orange,good,158 lb // 71 kg
635,Stargirl,Female,Blue,Human,Blond,5'5 // 165 cm,DC Comics,,good,137 lb // 62 kg
636,Static,Male,Brown,Mutant,Black,5'7 // 170 cm,DC Comics,,good,140 lb // 63 kg
637,Steel,Male,Brown,-,No Hair,6'7 // 201 cm,DC Comics,,good,290 lb // 131 kg
638,Stephanie Powell,Female,-,-,Blond,- // 0 cm,ABC Studios,,good,- lb // 0 kg
639,Steppenwolf,Male,Red,New God,Black,6'0 // 183 cm,DC Comics,White,bad,203 lb // 91 kg
640,Storm,Female,Blue,Mutant,White,5'11 // 180 cm,Marvel Comics,,good,127 lb // 57 kg
641,Stormtrooper,Male,-,Human,-,6'0 // 183 cm,George Lucas,,bad,- lb // 0 kg
642,Sunspot,Male,brown,Mutant,black,5'8 // 173 cm,Marvel Comics,,good,170 lb // 77 kg
643,Superboy,Male,Blue,-,Black,5'7 // 170 cm,DC Comics,,good,150 lb // 68 kg
644,Superboy-Prime,Male,Blue,Kryptonian,Black / Blue,5'11 // 180 cm,DC Comics,,bad,170 lb // 77 kg
645,Supergirl,Female,Blue,Kryptonian,Blond,5'5 // 165 cm,DC Comics,,good,120 lb // 54 kg
646,Superman,Male,Blue,Kryptonian,Black,6'3 // 191 cm,DC Comics,,good,225 lb // 101 kg
647,Swamp Thing,Male,Red,God / Eternal,No Hair,- // 0 cm,DC Comics,Green,bad,- lb // 0 kg
648,Swarm,Male,Yellow,Mutant,No Hair,6'5 // 196 cm,Marvel Comics,Yellow,bad,104 lb // 47 kg
649,Sylar,Male,-,-,-,- // 0 cm,NBC - Heroes,,bad,- lb // 0 kg
650,Synch,Male,Brown,-,Black,5'11 // 180 cm,Marvel Comics,,good,165 lb // 74 kg
651,T-1000,Male,-,Android,-,6'0 // 183 cm,Dark Horse Comics,Silver,bad,325 lb // 146 kg
652,T-800,Male,Red,Cyborg,-,- // 0 cm,Dark Horse Comics,,bad,390 lb // 176 kg
653,T-850,Male,Red,Cyborg,-,- // 0 cm,Dark Horse Comics,,bad,440 lb // 198 kg
654,T-X,Female,-,Cyborg,-,- // 0 cm,Dark Horse Comics,Silver,bad,330 lb // 149 kg
655,Taskmaster,Male,Brown,Human,Brown,6'2 // 188 cm,Marvel Comics,,bad,220 lb // 99 kg
656,Tempest,Female,Brown,-,Black,5'4 // 163 cm,Marvel Comics,,good,121 lb // 54 kg
657,Thanos,Male,Red,Eternal,No Hair,6'7 // 201 cm,Marvel Comics,Purple,bad,985 lb // 443 kg
658,The Cape,Male,-,-,-,- // 0 cm,,,good,- lb // 0 kg
659,The Comedian,Male,Brown,Human,Black,6'2 // 188 cm,DC Comics,,neutral,225 lb // 101 kg
660,Thing,Male,Blue,Human / Radiation,No Hair,6'0 // 183 cm,Marvel Comics,,good,500 lb // 225 kg
661,Thor,Male,Blue,Asgardian,Blond,6'6 // 198 cm,Marvel Comics,,good,640 lb // 288 kg
662,Thor Girl,Female,Blue,Asgardian,Blond,5'9 // 175 cm,Marvel Comics,,good,317 lb // 143 kg
663,Thunderbird,Male,Brown,-,Black,6'1 // 185 cm,Marvel Comics,,good,225 lb // 101 kg
664,Thunderbird II,Male,-,-,-,- // 0 cm,Marvel Comics,,good,- lb // 0 kg
665,Thunderbird III,Male,Brown,-,Black,5'9' // 175 cm,Marvel Comics,,good,165 lb // 74 kg
666,Thunderstrike,Male,Blue,-,Blond,6'6 // 198 cm,Marvel Comics,,good,640 lb // 288 kg
667,Thundra,Female,Green,-,Red,7'2 // 218 cm,Marvel Comics,,good,350 lb // 158 kg
668,Tiger Shark,Male,Grey,Human,No Hair,6'1 // 185 cm,Marvel Comics,Grey,bad,450 lb // 203 kg
669,Tigra,Female,Green,-,Auburn,5'10 // 178 cm,Marvel Comics,,good,180 lb // 81 kg
670,Tinkerer,Male,Brown,-,White,5'4 // 163 cm,Marvel Comics,,bad,120 lb // 54 kg
671,Titan,Male,-,-,-,- // 0 cm,HarperCollins,,good,- lb // 0 kg
672,Toad,Male,Black,Mutant,Brown,5'9 // 175 cm,Marvel Comics,Green,neutral,169 lb // 76 kg
673,Toxin,Male,Blue,Symbiote,Brown,6'2 // 188 cm,Marvel Comics,,good,215 lb // 97 kg
674,Toxin,Male,Black,Symbiote,Blond,6'3 // 191 cm,Marvel Comics,,good,260 lb // 117 kg
675,Tracy Strauss,Female,-,-,-,- // 0 cm,NBC - Heroes,,good,- lb // 0 kg
676,Trickster,Male,Blue,Human,Blond,6'0 // 183 cm,DC Comics,,-,179 lb // 81 kg
677,Trigon,Male,Yellow,God / Eternal,Black,- // 0 cm,DC Comics,Red,bad,- lb // 0 kg
678,Triplicate Girl,Female,Purple,-,Brown,5'6 // 168 cm,DC Comics,,good,130 lb // 59 kg
679,Triton,Male,Green,Inhuman,No Hair,6'2 // 188 cm,Marvel Comics,Green,good,190 lb // 86 kg
680,Two-Face,Male,-,-,-,6'0 // 183 cm,DC Comics,,bad,182 lb // 82 kg
681,Ultragirl,Female,Blue,-,Blond,5'6 // 168 cm,Marvel Comics,,good,233 lb // 105 kg
682,Ultron,Male,Red,Android,-,6'9 // 206 cm,Marvel Comics,Silver,bad,735 lb // 331 kg
683,Utgard-Loki,Male,Blue,Frost Giant,White,50'0 // 15.2 meters,Marvel Comics,,bad,128000 lb // 58 tons
684,Vagabond,Female,Blue,-,Strawberry Blond,5'6' // 168 cm,Marvel Comics,,good,120 lb // 54 kg
685,Valerie Hart,Female,Hazel,-,Black,5'9 // 175 cm,Team Epic TV,,good,125 lb // 56 kg
686,Valkyrie,Female,Blue,-,Blond,6'3' // 191 cm,Marvel Comics,,good,475 lb // 214 kg
687,Vanisher,Male,Green,-,No Hair,5'5 // 165 cm,Marvel Comics,,bad,175 lb // 79 kg
688,Vegeta,Male,-,Saiyan,Black,5'6 // 168 cm,Shueisha,,bad,163 lb // 73 kg
689,Venom,Male,Blue,Symbiote,Strawberry Blond,6'3 // 191 cm,Marvel Comics,,bad,260 lb // 117 kg
690,Venom II,Male,Brown,-,Black,5'9 // 175 cm,Marvel Comics,,bad,110 lb // 50 kg
691,Venom III,Male,Brown,Symbiote,Brown,7'6 // 229 cm,Marvel Comics,,bad,742 lb // 334 kg
692,Venompool,Male,-,Symbiote,-,7'5 // 226 cm,Marvel Comics,,-,- lb // 0 kg
693,Vertigo II,Female,Blue,-,Silver,5'6' // 168 cm,Marvel Comics,,good,115 lb // 52 kg
694,Vibe,Male,Brown,Human,Black,5'10 // 178 cm,DC Comics,,good,157 lb // 71 kg
695,Vindicator,Female,Green,Human,Red,5'5 // 165 cm,Marvel Comics,,good,120 lb // 54 kg
696,Vindicator,Male,-,-,-,- // 0 cm,Marvel Comics,,good,- lb // 0 kg
697,Violator,Male,-,-,-,- // 0 cm,Image Comics,,bad,- lb // 0 kg
698,Violet Parr,Female,Violet,Human,Black,4'6 // 137 cm,Dark Horse Comics,,good,90 lb // 41 kg
699,Vision,Male,Gold,Android,No Hair,6'3 // 191 cm,Marvel Comics,Red,good,300 lb // 135 kg
700,Vision II,-,Red,-,No Hair,6'3' // 191 cm,Marvel Comics,,good,300 lb // 135 kg
701,Vixen,Female,Amber,Human,Black,5'9 // 175 cm,DC Comics,,good,140 lb // 63 kg
702,Vulcan,Male,Black,-,Black,- // 0 cm,Marvel Comics,,good,- lb // 0 kg
703,Vulture,Male,Brown,Human,No Hair,5'11 // 180 cm,Marvel Comics,,bad,175 lb // 79 kg
704,Walrus,Male,Blue,Human,Black,6'0 // 183 cm,Marvel Comics,,bad,360 lb // 162 kg
705,War Machine,Male,Brown,Human,Brown,6'1 // 185 cm,Marvel Comics,,good,210 lb // 95 kg
706,Warbird,Female,Blue,-,Blond,5'11' // 180 cm,Marvel Comics,,good,120 lb // 54 kg
707,Warlock,Male,Red,-,Blond,6'2' // 188 cm,Marvel Comics,,good,240 lb // 108 kg
708,Warp,Male,Brown,-,Black,5'8 // 173 cm,DC Comics,,bad,148 lb // 67 kg
709,Warpath,Male,Brown,Mutant,Black,7'2 // 218 cm,Marvel Comics,,good,350 lb // 158 kg
710,Wasp,Female,Blue,Human,Auburn,5'4 // 163 cm,Marvel Comics,,good,110 lb // 50 kg
711,Watcher,Male,-,-,-,- // 0 cm,Marvel Comics,,good,- lb // 0 kg
712,Weapon XI,Male,-,-,-,- // 0 cm,Marvel Comics,,bad,- lb // 0 kg
713,White Canary,Female,Brown,Human,Black,- // 0 cm,DC Comics,,bad,- lb // 0 kg
714,White Queen,Female,Blue,-,Blond,5'10' // 178 cm,Marvel Comics,,good,144 lb // 65 kg
715,Wildfire,Male,-,-,-,- // 0 cm,DC Comics,,good,- lb // 0 kg
716,Winter Soldier,Male,Brown,Human,Brown,5'9 // 175 cm,Marvel Comics,,good,260 lb // 117 kg
717,Wiz Kid,-,Brown,-,Black,4'7' // 140 cm,Marvel Comics,,good,87 lb // 39 kg
718,Wolfsbane,Female,Green,-,Auburn,12' // 366 cm,Marvel Comics,,good,1050 lb // 473 kg
719,Wolverine,Male,Blue,Mutant,Black,5'3 // 160 cm,Marvel Comics,,good,300 lb // 135 kg
720,Wonder Girl,Female,Blue,Demi-God,Blond,5'5 // 165 cm,DC Comics,,good,114 lb // 51 kg
721,Wonder Man,Male,Red,-,Black,6'2 // 188 cm,Marvel Comics,,good,380 lb // 171 kg
722,Wonder Woman,Female,Blue,Amazon,Black,6'0 // 183 cm,DC Comics,,good,165 lb // 74 kg
723,Wondra,Female,-,-,-,- // 0 cm,Marvel Comics,,good,- lb // 0 kg
724,Wyatt Wingfoot,Male,Brown,-,Black,6'5' // 196 cm,Marvel Comics,,good,260 lb // 117 kg
725,X-23,Female,Green,Mutant / Clone,Black,5'1 // 155 cm,Marvel Comics,,good,110 lb // 50 kg
726,X-Man,Male,Blue,-,Brown,5'9 // 175 cm,Marvel Comics,,good,135 lb // 61 kg
727,Yellow Claw,Male,Blue,-,No Hair,6'2 // 188 cm,Marvel Comics,,bad,210 lb // 95 kg
728,Yellowjacket,Male,Blue,Human,Blond,6' // 183 cm,Marvel Comics,,good,185 lb // 83 kg
729,Yellowjacket II,Female,Blue,Human,Strawberry Blond,5'5 // 165 cm,Marvel Comics,,good,115 lb // 52 kg
730,Ymir,Male,White,Frost Giant,No Hair,1000 // 304.8 meters,Marvel Comics,White,good,- lb // 0 kg
731,Yoda,Male,Brown,Yoda's species,White,2'2 // 66 cm,George Lucas,Green,good,38 lb // 17 kg
732,Zatanna,Female,Blue,Human,Black,5'7 // 170 cm,DC Comics,,good,127 lb // 57 kg
733,Zoom,Male,Red,-,Brown,6'1 // 185 cm,DC Comics,,bad,181 lb // 81 kg
